[{
	"title": "당도선별 수박, 5kg미만, 1개",
	"price": "35,000원",
	"url": "img1.jpg"
}, {
	"title": "싱싱햇 하우스수박",
	"price": "17,900원",
	"url": "img2.jpg"
}, {
	"title": "참새마켓 시원한 하우스수박",
	"price": "29,000원",
	"url": "img3.jpg"
}, {
	"title": "자연맛남 국내산 고당도 수박",
	"price": "28,500원",
	"url": "img4.jpg"
}, {
	"title": "수박 프리미엄 고당도 수박",
	"price": "34,500원",
	"url": "img5.jpg"
}, {
	"title": "맛좋은 하우스 수박 5-6kg",
	"price": "30,000원",
	"url": "img6.jpg"
}, {
	"title": "수분 가득 꿀 수박",
	"price": "31,000원",
	"url": "img7.jpg"
}, {
	"title": "하우스 미니 수박 꼭지 7-8kg",
	"price": "32,000원",
	"url": "img8.jpg"
}]