﻿[{
	"title": "오차드 1등 펜던트 조명",
	"subtitle": "고급스러운 글라스 조명",
	"price": "35,000원",
	"url": "product2_1.jpg"
}, {
	"title": "버블 7등 인테리어 식탁등 펜던트조명",
	"subtitle": "LEG G9핀램프 x 7 증정 이벤트중",
	"price": "179.000원",
	"url": "product2_2.jpg"
}, {
	"title": "식탁등 펜턴트조명 북유럽식탁조명",
	"subtitle": "하트조명 BEST OF BEST 조명 모음",
	"price": "29,000원",
	"url": "product2_3.jpg"
}, {
	"title": "카르타고 미니 펜던트조명",
	"subtitle": "고급스러운 글라스 조명",
	"price": "59,000원",
	"url": "product2_4.jpg"
}, {
	"title": "스완 1등 펜던트조명 식탁등",
	"subtitle": "블랙, 화이트, 그레이 3COLOR",
	"price": "59,500원",
	"url": "product2_5.jpg"
}, {
	"title": "레이빈 1등 펜던트조명",
	"subtitle": "고급스러운 글라스 조명",
	"price": "35,000원",
	"url": "product2_6.jpg"
}, {
	"title": "펜던트조명",
	"subtitle": "빈티지한 무드의 깨끗한 유리갓",
	"price": "35,000원",
	"url": "product2_7.jpg"
}, {
	"title": "앰플 식탁등 버블조명 7등 9등 12등",
	"subtitle": "하트조명 제작 상품. 디자인 출원중",
	"price": "165,000원",
	"url": "product2_8.jpg"
}]