{
  "currentCount": 10,
  "data": [
    {
      "경도": "128.9034558",
      "데이터기준일자": "2023-01-30",
      "사무소주소": "부산광역시 강서구 명지국제8로10번길 38 123호(명지동)",
      "시군구": "강서구",
      "연번": 1,
      "위도": "35.09440085",
      "중개업소 구분": "공인중개사",
      "중개업소명": "명지JW부동산공인중개사사무소",
      "중개업자명": "이동준"
    },
    {
      "경도": "128.9809038",
      "데이터기준일자": "2023-01-30",
      "사무소주소": "부산광역시 강서구 대저로 259 A동(대저1동)",
      "시군구": "강서구",
      "연번": 2,
      "위도": "35.21366642",
      "중개업소 구분": "공인중개사",
      "중개업소명": "창공수공인중개사사무소",
      "중개업자명": "김양순"
    },
    {
      "경도": "128.9809038",
      "데이터기준일자": "2023-01-30",
      "사무소주소": "부산광역시 강서구 대저로 259 A동(대저1동)",
      "시군구": "강서구",
      "연번": 3,
      "위도": "35.21366642",
      "중개업소 구분": "공인중개사",
      "중개업소명": "뉴창공공인중개사사무소",
      "중개업자명": "백경애"
    },
    {
      "경도": "128.9066612",
      "데이터기준일자": "2023-01-30",
      "사무소주소": "부산광역시 강서구 명지국제2로 41 119호(명지동, 더샵 명지퍼스트월드 3단지)",
      "시군구": "강서구",
      "연번": 4,
      "위도": "35.09466534",
      "중개업소 구분": "공인중개사",
      "중개업소명": "끌림부동산공인중개사사무소",
      "중개업자명": "전현아"
    },
    {
      "경도": "128.9058815",
      "데이터기준일자": "2023-01-30",
      "사무소주소": "부산광역시 강서구 명지국제1로 56-2 108호(명지동)",
      "시군구": "강서구",
      "연번": 5,
      "위도": "35.09358046",
      "중개업소 구분": "공인중개사",
      "중개업소명": "델타공인중개사사무소",
      "중개업자명": "김정현"
    },
    {
      "경도": "128.9149124",
      "데이터기준일자": "2023-01-30",
      "사무소주소": "부산광역시 강서구 명지국제7로 120 상가1동 107호(명지동, 더 힐 시그니처)",
      "시군구": "강서구",
      "연번": 6,
      "위도": "35.09596440",
      "중개업소 구분": "공인중개사",
      "중개업소명": "정음공인중개사사무소",
      "중개업자명": "이수정"
    },
    {
      "경도": "128.9557020",
      "데이터기준일자": "2023-01-30",
      "사무소주소": "부산광역시 강서구 유통단지1로 41 본관동 105호(대저2동)",
      "시군구": "강서구",
      "연번": 7,
      "위도": "35.16729305",
      "중개업소 구분": "공인중개사",
      "중개업소명": "대저삼덕공인중개사사무소",
      "중개업자명": "박윤미"
    },
    {
      "경도": "128.9696599",
      "데이터기준일자": "2023-01-30",
      "사무소주소": "부산광역시 강서구 대저로155번길 21 (대저1동)",
      "시군구": "강서구",
      "연번": 8,
      "위도": "35.21577625",
      "중개업소 구분": "공인중개사",
      "중개업소명": "대저공인중개사사무소",
      "중개업자명": "손성민"
    },
    {
      "경도": "128.8722692",
      "데이터기준일자": "2023-01-30",
      "사무소주소": "부산광역시 강서구 녹산화전로 275 204호(녹산동)",
      "시군구": "강서구",
      "연번": 9,
      "위도": "35.11132384",
      "중개업소 구분": "법인",
      "중개업소명": "희망공인중개사사무소(주)",
      "중개업자명": "김광수"
    },
    {
      "경도": "128.8818155",
      "데이터기준일자": "2023-01-30",
      "사무소주소": "부산광역시 강서구 범방3로68번길 7 101호(범방동)",
      "시군구": "강서구",
      "연번": 10,
      "위도": "35.14915908",
      "중개업소 구분": "공인중개사",
      "중개업소명": "위드공인중개사사무소",
      "중개업자명": "송유종"
    }
  ],
  "matchCount": 7426,
  "page": 1,
  "perPage": 10,
  "totalCount": 7426
}